Постановление Главы города Фрязино от 29.11.2012 №52 пг Об утверждении членов Общественной палаты городского округа Фрязино Московской области,Postanovlenie-Glavy-goroda-Fryazino-ot-29112012-52-pg-Ob-utverzhdenii-chlenov-Obschestvennoy-palaty-gorodskogo-okruga-Fryazino-Moskovskoy-oblasti,№52,1,1,2,2012-11-29,,2012-11-29 00:00,True,uploads/olddocs/glava/2012/11/29/52_.doc
Постановление Главы города Фрязино от 26.11.2012 №51 пг О проведении публичных слушаний,Postanovlenie-Glavy-goroda-Fryazino-ot-26112012-51-pg-O-provedenii-publichnyh-slushaniy,№51,1,1,2,2012-11-26,,2012-11-26 00:00,True,uploads/olddocs/glava/2012/11/26/51__.doc
Постановление Главы города Фрязино от 26.11.2012 №50 пг О проведении публичных слушаний,Postanovlenie-Glavy-goroda-Fryazino-ot-26112012-50-pg-O-provedenii-publichnyh-slushaniy,№50,1,1,2,2012-11-26,,2012-11-26 00:00,True,uploads/olddocs/glava/2012/11/26/50__.doc
Постановление Главы города Фрязино от 30.10.2012 №47 пг О проведении публичных слушаний по проекту «Правила землепользования и застройки городского округа Фрязино Московской области»,Postanovlenie-Glavy-goroda-Fryazino-ot-30102012-47-pg-O-provedenii-publichnyh-slushaniy-po-proektu-Pravila-zemlepolzovaniya-i-zastroyki-gorodskogo-okruga-Fryazino-Moskovskoy-oblasti,№47,1,1,2,2012-10-30,,2012-10-30 00:00,True,uploads/olddocs/glava/2012/10/30/47_.doc
Постановление Главы города Фрязино от 16.10.2012 №46 пг О проведении публичных слушаний по проекту бюджета города Фрязино на 2013 год,Postanovlenie-Glavy-goroda-Fryazino-ot-16102012-46-pg-O-provedenii-publichnyh-slushaniy-po-proektu-byudzheta-goroda-Fryazino-na-2013-god,№46,1,1,2,2012-10-16,,2012-10-16 00:00,True,uploads/olddocs/glava/2012/10/16/46_.doc
Постановление Главы города Фрязино от 16.10.2012 №45 пг О формировании нового состава Общественной палаты городского округа Фрязино Московской области,Postanovlenie-Glavy-goroda-Fryazino-ot-16102012-45-pg-O-formirovanii-novogo-sostava-Obschestvennoy-palaty-gorodskogo-okruga-Fryazino-Moskovskoy-oblasti,№45,1,1,2,2012-10-16,,2012-10-16 00:00,True,uploads/olddocs/glava/2012/10/16/45_.doc
Постановление Главы города Фрязино от 24.09.2012 №44 пг О проведении публичных слушаний,Postanovlenie-Glavy-goroda-Fryazino-ot-24092012-44-pg-O-provedenii-publichnyh-slushaniy,№44,1,1,2,2012-09-24,,2012-09-24 00:00,True,uploads/olddocs/glava/2012/09/24/44_.doc
Постановление Главы города Фрязино от 03.09.2012 №39 пг О проведении публичных слушаний,Postanovlenie-Glavy-goroda-Fryazino-ot-03092012-39-pg-O-provedenii-publichnyh-slushaniy,№39,1,1,2,2012-09-03,,2012-09-03 00:00,True,uploads/olddocs/glava/2012/09/03/39_pg.doc
Постановление Главы города Фрязино от 03.09.2012 №38 пг О проведении публичных слушаний,Postanovlenie-Glavy-goroda-Fryazino-ot-03092012-38-pg-O-provedenii-publichnyh-slushaniy,№38,1,1,2,2012-09-03,,2012-09-03 00:00,True,uploads/olddocs/glava/2012/09/03/38_pg.doc
Постановление Главы города Фрязино от 15.08.2012 №37 пг О проведении публичных слушаний,Postanovlenie-Glavy-goroda-Fryazino-ot-15082012-37-pg-O-provedenii-publichnyh-slushaniy,№37,1,1,2,2012-08-15,,2012-08-15 00:00,True,uploads/olddocs/glava/2012/08/15/37_.doc
Постановление Главы города Фрязино от 09.08.2012 №36 пг О проведении публичных слушаний,Postanovlenie-Glavy-goroda-Fryazino-ot-09082012-36-pg-O-provedenii-publichnyh-slushaniy,№36,1,1,2,2012-08-09,,2012-08-09 00:00,True,uploads/olddocs/glava/2012/08/09/36_.doc
Постановление Главы города Фрязино от 31.07.2012 №35 пг О проведении публичных слушаний,Postanovlenie-Glavy-goroda-Fryazino-ot-31072012-35-pg-O-provedenii-publichnyh-slushaniy,№35,1,1,2,2012-07-31,,2012-07-31 00:00,True,uploads/olddocs/glava/2012/07/31/35_.doc
"Постановление Главы города Фрязино от 09.07.2012 №33 пг О внесении изменений в постановление Главы города от 30.03.2011 № 28 пг «О проверке достоверности и полноты сведений, представляемых гражданами, претендующими на замещение должностей муниципальной службы в городе Фрязино, и муниципальными служащими города Фрязино, и соблюдения муниципальными служащими города Фрязино требований к служебному поведению»",Postanovlenie-Glavy-goroda-Fryazino-ot-09072012-33-pg-O-vnesenii-izmeneniy-v-postanovlenie-Glavy-goroda-ot-30032011-28-pg-O-proverke-dostovernosti-i-polnoty-svedeniy-predstavlyaemyh-grazhdanami-pretenduyuschimi-na-zameschenie-dolzhnostey-munitsipalnoy-sluzhby-v-gorode-Fryazino-i-munitsipalnymi-sluzhaschimi-goroda-Fryazino-i-soblyudeniya-munitsipalnymi-sluzhaschimi-goroda-Fryazino-trebovaniy-k-sluzhebnomu-povedeniyu,№33,1,1,2,2012-07-09,,2012-07-09 00:00,True,uploads/olddocs/glava/2012/07/09/33-_.doc
Постановление Главы города Фрязино от 09.07.2012 №32 пг О проведении публичных слушаний,Postanovlenie-Glavy-goroda-Fryazino-ot-09072012-32-pg-O-provedenii-publichnyh-slushaniy,№32,1,1,2,2012-07-09,,2012-07-09 00:00,True,uploads/olddocs/glava/2012/07/09/32_.doc
Постановление Главы города Фрязино от 03.07.2012 №31пг О проведении публичных слушаний,Postanovlenie-Glavy-goroda-Fryazino-ot-03072012-31pg-O-provedenii-publichnyh-slushaniy,№31,1,1,2,2012-07-03,,2012-07-03 00:00,True,uploads/olddocs/glava/2012/07/03/31_.doc
Постановление Главы города Фрязино от 28.06.2012 №30пг Об утверждении регламента рассмотрения обращений граждан Главой города Фрязино,Postanovlenie-Glavy-goroda-Fryazino-ot-28062012-30pg-Ob-utverzhdenii-reglamenta-rassmotreniya-obrascheniy-grazhdan-Glavoy-goroda-Fryazino,№30,1,1,2,2012-06-28,,2012-06-28 00:00,True,uploads/olddocs/glava/2012/06/28/30_.doc
Постановление Главы города Фрязино от 29.05.2012 №29пг О проведении публичных слушаний,Postanovlenie-Glavy-goroda-Fryazino-ot-29052012-29pg-O-provedenii-publichnyh-slushaniy,№29,1,1,2,2012-05-29,,2012-05-29 00:00,True,uploads/olddocs/glava/2012/05/29/29_.doc
Постановление Главы города Фрязино от 29.05.2012 №28пг О проведении публичных слушаний,Postanovlenie-Glavy-goroda-Fryazino-ot-29052012-28pg-O-provedenii-publichnyh-slushaniy,№28,1,1,2,2012-05-29,,2012-05-29 00:00,True,uploads/olddocs/glava/2012/05/29/28_.doc
Постановление Главы города Фрязино от 15.05.2012 №26пг О проведении публичных слушаний,Postanovlenie-Glavy-goroda-Fryazino-ot-15052012-26pg-O-provedenii-publichnyh-slushaniy,№26,1,1,2,2012-05-15,,2012-05-15 00:00,True,uploads/olddocs/glava/2012/05/15/26_.doc
Постановление Главы города Фрязино от 02.04.2012 №22пг О проведении публичных слушаний,Postanovlenie-Glavy-goroda-Fryazino-ot-02042012-22pg-O-provedenii-publichnyh-slushaniy,№22,1,1,2,2012-04-02,,2012-04-02 00:00,True,uploads/olddocs/glava/2012/04/02/22_.doc
Постановление Главы города Фрязино от 12.03.2012 №21пг О проведении публичных слушаний,Postanovlenie-Glavy-goroda-Fryazino-ot-12032012-21pg-O-provedenii-publichnyh-slushaniy,№21,1,1,2,2012-03-12,,2012-03-12 00:00,True,uploads/olddocs/glava/2012/03/12/21_.doc
Постановление Главы города Фрязино от 12.03.2012 №20пг О проведении публичных слушаний,Postanovlenie-Glavy-goroda-Fryazino-ot-12032012-20pg-O-provedenii-publichnyh-slushaniy,№20,1,1,2,2012-03-12,,2012-03-12 00:00,True,uploads/olddocs/glava/2012/03/12/20_.doc
Постановление Главы города Фрязино от 12.03.2012 №19пг О проведении публичных слушаний,Postanovlenie-Glavy-goroda-Fryazino-ot-12032012-19pg-O-provedenii-publichnyh-slushaniy,№19,1,1,2,2012-03-12,,2012-03-12 00:00,True,uploads/olddocs/glava/2012/03/12/19_.doc
Постановление Главы города Фрязино от 13.02.2012 №06пг О проведении публичных слушаний,Postanovlenie-Glavy-goroda-Fryazino-ot-13022012-06pg-O-provedenii-publichnyh-slushaniy,№06,1,1,2,2012-02-13,,2012-02-13 00:00,True,uploads/olddocs/glava/2012/02/13/06_.doc
Постановление Главы города Фрязино от 13.02.2012 №05пг О проведении публичных слушаний,Postanovlenie-Glavy-goroda-Fryazino-ot-13022012-05pg-O-provedenii-publichnyh-slushaniy,№05,1,1,2,2012-02-13,,2012-02-13 00:00,True,uploads/olddocs/glava/2012/02/13/05_.doc
Постановление Главы города Фрязино от 23.01.2012 №02пг О проведении публичных слушаний,Postanovlenie-Glavy-goroda-Fryazino-ot-23012012-02pg-O-provedenii-publichnyh-slushaniy,№02,1,1,2,2012-01-23,,2012-01-23 00:00,True,uploads/olddocs/glava/2012/01/23/23_01_2012_02_.doc
